,path,n_tasks,conservative,target_test_size,model_type,s,target_task,decay_rate
0,exp0,15,True,0.4,nn,high_bw,0,0.0
1,exp1,15,True,0.4,lm,high_bw,0,0.0
2,exp2,15,True,0.4,nn,high_bw,0,0.5
3,exp3,15,True,0.4,lm,high_bw,0,0.5
4,exp4,15,True,0.4,nn,high_bw,0,1.0
5,exp5,15,True,0.4,lm,high_bw,0,1.0
6,exp6,15,True,0.4,nn,high_bw,1,0.0
7,exp7,15,True,0.4,lm,high_bw,1,0.0
8,exp8,15,True,0.4,nn,high_bw,1,0.5
9,exp9,15,True,0.4,lm,high_bw,1,0.5
10,exp10,15,True,0.4,nn,high_bw,1,1.0
11,exp11,15,True,0.4,lm,high_bw,1,1.0
12,exp12,15,True,0.4,nn,high_bw,2,0.0
13,exp13,15,True,0.4,lm,high_bw,2,0.0
14,exp14,15,True,0.4,nn,high_bw,2,0.5
15,exp15,15,True,0.4,lm,high_bw,2,0.5
16,exp16,15,True,0.4,nn,high_bw,2,1.0
17,exp17,15,True,0.4,lm,high_bw,2,1.0
18,exp18,15,True,0.4,nn,high_bw,3,0.0
19,exp19,15,True,0.4,lm,high_bw,3,0.0
20,exp20,15,True,0.4,nn,high_bw,3,0.5
21,exp21,15,True,0.4,lm,high_bw,3,0.5
22,exp22,15,True,0.4,nn,high_bw,3,1.0
23,exp23,15,True,0.4,lm,high_bw,3,1.0
24,exp24,15,True,0.4,nn,high_bw,4,0.0
25,exp25,15,True,0.4,lm,high_bw,4,0.0
26,exp26,15,True,0.4,nn,high_bw,4,0.5
27,exp27,15,True,0.4,lm,high_bw,4,0.5
28,exp28,15,True,0.4,nn,high_bw,4,1.0
29,exp29,15,True,0.4,lm,high_bw,4,1.0
30,exp30,15,True,0.4,nn,high_bw,5,0.0
31,exp31,15,True,0.4,lm,high_bw,5,0.0
32,exp32,15,True,0.4,nn,high_bw,5,0.5
33,exp33,15,True,0.4,lm,high_bw,5,0.5
34,exp34,15,True,0.4,nn,high_bw,5,1.0
35,exp35,15,True,0.4,lm,high_bw,5,1.0
36,exp36,15,True,0.4,nn,high_bw,6,0.0
37,exp37,15,True,0.4,lm,high_bw,6,0.0
38,exp38,15,True,0.4,nn,high_bw,6,0.5
39,exp39,15,True,0.4,lm,high_bw,6,0.5
40,exp40,15,True,0.4,nn,high_bw,6,1.0
41,exp41,15,True,0.4,lm,high_bw,6,1.0
42,exp42,15,True,0.4,nn,high_bw,7,0.0
43,exp43,15,True,0.4,lm,high_bw,7,0.0
44,exp44,15,True,0.4,nn,high_bw,7,0.5
45,exp45,15,True,0.4,lm,high_bw,7,0.5
46,exp46,15,True,0.4,nn,high_bw,7,1.0
47,exp47,15,True,0.4,lm,high_bw,7,1.0
48,exp48,15,True,0.4,nn,high_bw,8,0.0
49,exp49,15,True,0.4,lm,high_bw,8,0.0
50,exp50,15,True,0.4,nn,high_bw,8,0.5
51,exp51,15,True,0.4,lm,high_bw,8,0.5
52,exp52,15,True,0.4,nn,high_bw,8,1.0
53,exp53,15,True,0.4,lm,high_bw,8,1.0
54,exp54,15,True,0.4,nn,high_bw,9,0.0
55,exp55,15,True,0.4,lm,high_bw,9,0.0
56,exp56,15,True,0.4,nn,high_bw,9,0.5
57,exp57,15,True,0.4,lm,high_bw,9,0.5
58,exp58,15,True,0.4,nn,high_bw,9,1.0
59,exp59,15,True,0.4,lm,high_bw,9,1.0
60,exp60,15,True,0.4,nn,high_bw,10,0.0
61,exp61,15,True,0.4,lm,high_bw,10,0.0
62,exp62,15,True,0.4,nn,high_bw,10,0.5
63,exp63,15,True,0.4,lm,high_bw,10,0.5
64,exp64,15,True,0.4,nn,high_bw,10,1.0
65,exp65,15,True,0.4,lm,high_bw,10,1.0
66,exp66,15,True,0.4,nn,high_bw,11,0.0
67,exp67,15,True,0.4,lm,high_bw,11,0.0
68,exp68,15,True,0.4,nn,high_bw,11,0.5
69,exp69,15,True,0.4,lm,high_bw,11,0.5
70,exp70,15,True,0.4,nn,high_bw,11,1.0
71,exp71,15,True,0.4,lm,high_bw,11,1.0
72,exp72,15,True,0.4,nn,high_bw,12,0.0
73,exp73,15,True,0.4,lm,high_bw,12,0.0
74,exp74,15,True,0.4,nn,high_bw,12,0.5
75,exp75,15,True,0.4,lm,high_bw,12,0.5
76,exp76,15,True,0.4,nn,high_bw,12,1.0
77,exp77,15,True,0.4,lm,high_bw,12,1.0
78,exp78,15,True,0.4,nn,high_bw,13,0.0
79,exp79,15,True,0.4,lm,high_bw,13,0.0
80,exp80,15,True,0.4,nn,high_bw,13,0.5
81,exp81,15,True,0.4,lm,high_bw,13,0.5
82,exp82,15,True,0.4,nn,high_bw,13,1.0
83,exp83,15,True,0.4,lm,high_bw,13,1.0
84,exp84,15,True,0.4,nn,high_bw,14,0.0
85,exp85,15,True,0.4,lm,high_bw,14,0.0
86,exp86,15,True,0.4,nn,high_bw,14,0.5
87,exp87,15,True,0.4,lm,high_bw,14,0.5
88,exp88,15,True,0.4,nn,high_bw,14,1.0
89,exp89,15,True,0.4,lm,high_bw,14,1.0
90,exp90,15,True,0.4,nn,medium_bw,0,0.0
91,exp91,15,True,0.4,lm,medium_bw,0,0.0
92,exp92,15,True,0.4,nn,medium_bw,0,0.5
93,exp93,15,True,0.4,lm,medium_bw,0,0.5
94,exp94,15,True,0.4,nn,medium_bw,0,1.0
95,exp95,15,True,0.4,lm,medium_bw,0,1.0
96,exp96,15,True,0.4,nn,medium_bw,1,0.0
97,exp97,15,True,0.4,lm,medium_bw,1,0.0
98,exp98,15,True,0.4,nn,medium_bw,1,0.5
99,exp99,15,True,0.4,lm,medium_bw,1,0.5
100,exp100,15,True,0.4,nn,medium_bw,1,1.0
101,exp101,15,True,0.4,lm,medium_bw,1,1.0
102,exp102,15,True,0.4,nn,medium_bw,2,0.0
103,exp103,15,True,0.4,lm,medium_bw,2,0.0
104,exp104,15,True,0.4,nn,medium_bw,2,0.5
105,exp105,15,True,0.4,lm,medium_bw,2,0.5
106,exp106,15,True,0.4,nn,medium_bw,2,1.0
107,exp107,15,True,0.4,lm,medium_bw,2,1.0
108,exp108,15,True,0.4,nn,medium_bw,3,0.0
109,exp109,15,True,0.4,lm,medium_bw,3,0.0
110,exp110,15,True,0.4,nn,medium_bw,3,0.5
111,exp111,15,True,0.4,lm,medium_bw,3,0.5
112,exp112,15,True,0.4,nn,medium_bw,3,1.0
113,exp113,15,True,0.4,lm,medium_bw,3,1.0
114,exp114,15,True,0.4,nn,medium_bw,4,0.0
115,exp115,15,True,0.4,lm,medium_bw,4,0.0
116,exp116,15,True,0.4,nn,medium_bw,4,0.5
117,exp117,15,True,0.4,lm,medium_bw,4,0.5
118,exp118,15,True,0.4,nn,medium_bw,4,1.0
119,exp119,15,True,0.4,lm,medium_bw,4,1.0
120,exp120,15,True,0.4,nn,medium_bw,5,0.0
121,exp121,15,True,0.4,lm,medium_bw,5,0.0
122,exp122,15,True,0.4,nn,medium_bw,5,0.5
123,exp123,15,True,0.4,lm,medium_bw,5,0.5
124,exp124,15,True,0.4,nn,medium_bw,5,1.0
125,exp125,15,True,0.4,lm,medium_bw,5,1.0
126,exp126,15,True,0.4,nn,medium_bw,6,0.0
127,exp127,15,True,0.4,lm,medium_bw,6,0.0
128,exp128,15,True,0.4,nn,medium_bw,6,0.5
129,exp129,15,True,0.4,lm,medium_bw,6,0.5
130,exp130,15,True,0.4,nn,medium_bw,6,1.0
131,exp131,15,True,0.4,lm,medium_bw,6,1.0
132,exp132,15,True,0.4,nn,medium_bw,7,0.0
133,exp133,15,True,0.4,lm,medium_bw,7,0.0
134,exp134,15,True,0.4,nn,medium_bw,7,0.5
135,exp135,15,True,0.4,lm,medium_bw,7,0.5
136,exp136,15,True,0.4,nn,medium_bw,7,1.0
137,exp137,15,True,0.4,lm,medium_bw,7,1.0
138,exp138,15,True,0.4,nn,medium_bw,8,0.0
139,exp139,15,True,0.4,lm,medium_bw,8,0.0
140,exp140,15,True,0.4,nn,medium_bw,8,0.5
141,exp141,15,True,0.4,lm,medium_bw,8,0.5
142,exp142,15,True,0.4,nn,medium_bw,8,1.0
143,exp143,15,True,0.4,lm,medium_bw,8,1.0
144,exp144,15,True,0.4,nn,medium_bw,9,0.0
145,exp145,15,True,0.4,lm,medium_bw,9,0.0
146,exp146,15,True,0.4,nn,medium_bw,9,0.5
147,exp147,15,True,0.4,lm,medium_bw,9,0.5
148,exp148,15,True,0.4,nn,medium_bw,9,1.0
149,exp149,15,True,0.4,lm,medium_bw,9,1.0
150,exp150,15,True,0.4,nn,medium_bw,10,0.0
151,exp151,15,True,0.4,lm,medium_bw,10,0.0
152,exp152,15,True,0.4,nn,medium_bw,10,0.5
153,exp153,15,True,0.4,lm,medium_bw,10,0.5
154,exp154,15,True,0.4,nn,medium_bw,10,1.0
155,exp155,15,True,0.4,lm,medium_bw,10,1.0
156,exp156,15,True,0.4,nn,medium_bw,11,0.0
157,exp157,15,True,0.4,lm,medium_bw,11,0.0
158,exp158,15,True,0.4,nn,medium_bw,11,0.5
159,exp159,15,True,0.4,lm,medium_bw,11,0.5
160,exp160,15,True,0.4,nn,medium_bw,11,1.0
161,exp161,15,True,0.4,lm,medium_bw,11,1.0
162,exp162,15,True,0.4,nn,medium_bw,12,0.0
163,exp163,15,True,0.4,lm,medium_bw,12,0.0
164,exp164,15,True,0.4,nn,medium_bw,12,0.5
165,exp165,15,True,0.4,lm,medium_bw,12,0.5
166,exp166,15,True,0.4,nn,medium_bw,12,1.0
167,exp167,15,True,0.4,lm,medium_bw,12,1.0
168,exp168,15,True,0.4,nn,medium_bw,13,0.0
169,exp169,15,True,0.4,lm,medium_bw,13,0.0
170,exp170,15,True,0.4,nn,medium_bw,13,0.5
171,exp171,15,True,0.4,lm,medium_bw,13,0.5
172,exp172,15,True,0.4,nn,medium_bw,13,1.0
173,exp173,15,True,0.4,lm,medium_bw,13,1.0
174,exp174,15,True,0.4,nn,medium_bw,14,0.0
175,exp175,15,True,0.4,lm,medium_bw,14,0.0
176,exp176,15,True,0.4,nn,medium_bw,14,0.5
177,exp177,15,True,0.4,lm,medium_bw,14,0.5
178,exp178,15,True,0.4,nn,medium_bw,14,1.0
179,exp179,15,True,0.4,lm,medium_bw,14,1.0
180,exp180,15,True,0.4,nn,low_bw,0,0.0
181,exp181,15,True,0.4,lm,low_bw,0,0.0
182,exp182,15,True,0.4,nn,low_bw,0,0.5
183,exp183,15,True,0.4,lm,low_bw,0,0.5
184,exp184,15,True,0.4,nn,low_bw,0,1.0
185,exp185,15,True,0.4,lm,low_bw,0,1.0
186,exp186,15,True,0.4,nn,low_bw,1,0.0
187,exp187,15,True,0.4,lm,low_bw,1,0.0
188,exp188,15,True,0.4,nn,low_bw,1,0.5
189,exp189,15,True,0.4,lm,low_bw,1,0.5
190,exp190,15,True,0.4,nn,low_bw,1,1.0
191,exp191,15,True,0.4,lm,low_bw,1,1.0
192,exp192,15,True,0.4,nn,low_bw,2,0.0
193,exp193,15,True,0.4,lm,low_bw,2,0.0
194,exp194,15,True,0.4,nn,low_bw,2,0.5
195,exp195,15,True,0.4,lm,low_bw,2,0.5
196,exp196,15,True,0.4,nn,low_bw,2,1.0
197,exp197,15,True,0.4,lm,low_bw,2,1.0
198,exp198,15,True,0.4,nn,low_bw,3,0.0
199,exp199,15,True,0.4,lm,low_bw,3,0.0
200,exp200,15,True,0.4,nn,low_bw,3,0.5
201,exp201,15,True,0.4,lm,low_bw,3,0.5
202,exp202,15,True,0.4,nn,low_bw,3,1.0
203,exp203,15,True,0.4,lm,low_bw,3,1.0
204,exp204,15,True,0.4,nn,low_bw,4,0.0
205,exp205,15,True,0.4,lm,low_bw,4,0.0
206,exp206,15,True,0.4,nn,low_bw,4,0.5
207,exp207,15,True,0.4,lm,low_bw,4,0.5
208,exp208,15,True,0.4,nn,low_bw,4,1.0
209,exp209,15,True,0.4,lm,low_bw,4,1.0
210,exp210,15,True,0.4,nn,low_bw,5,0.0
211,exp211,15,True,0.4,lm,low_bw,5,0.0
212,exp212,15,True,0.4,nn,low_bw,5,0.5
213,exp213,15,True,0.4,lm,low_bw,5,0.5
214,exp214,15,True,0.4,nn,low_bw,5,1.0
215,exp215,15,True,0.4,lm,low_bw,5,1.0
216,exp216,15,True,0.4,nn,low_bw,6,0.0
217,exp217,15,True,0.4,lm,low_bw,6,0.0
218,exp218,15,True,0.4,nn,low_bw,6,0.5
219,exp219,15,True,0.4,lm,low_bw,6,0.5
220,exp220,15,True,0.4,nn,low_bw,6,1.0
221,exp221,15,True,0.4,lm,low_bw,6,1.0
222,exp222,15,True,0.4,nn,low_bw,7,0.0
223,exp223,15,True,0.4,lm,low_bw,7,0.0
224,exp224,15,True,0.4,nn,low_bw,7,0.5
225,exp225,15,True,0.4,lm,low_bw,7,0.5
226,exp226,15,True,0.4,nn,low_bw,7,1.0
227,exp227,15,True,0.4,lm,low_bw,7,1.0
228,exp228,15,True,0.4,nn,low_bw,8,0.0
229,exp229,15,True,0.4,lm,low_bw,8,0.0
230,exp230,15,True,0.4,nn,low_bw,8,0.5
231,exp231,15,True,0.4,lm,low_bw,8,0.5
232,exp232,15,True,0.4,nn,low_bw,8,1.0
233,exp233,15,True,0.4,lm,low_bw,8,1.0
234,exp234,15,True,0.4,nn,low_bw,9,0.0
235,exp235,15,True,0.4,lm,low_bw,9,0.0
236,exp236,15,True,0.4,nn,low_bw,9,0.5
237,exp237,15,True,0.4,lm,low_bw,9,0.5
238,exp238,15,True,0.4,nn,low_bw,9,1.0
239,exp239,15,True,0.4,lm,low_bw,9,1.0
240,exp240,15,True,0.4,nn,low_bw,10,0.0
241,exp241,15,True,0.4,lm,low_bw,10,0.0
242,exp242,15,True,0.4,nn,low_bw,10,0.5
243,exp243,15,True,0.4,lm,low_bw,10,0.5
244,exp244,15,True,0.4,nn,low_bw,10,1.0
245,exp245,15,True,0.4,lm,low_bw,10,1.0
246,exp246,15,True,0.4,nn,low_bw,11,0.0
247,exp247,15,True,0.4,lm,low_bw,11,0.0
248,exp248,15,True,0.4,nn,low_bw,11,0.5
249,exp249,15,True,0.4,lm,low_bw,11,0.5
250,exp250,15,True,0.4,nn,low_bw,11,1.0
251,exp251,15,True,0.4,lm,low_bw,11,1.0
252,exp252,15,True,0.4,nn,low_bw,12,0.0
253,exp253,15,True,0.4,lm,low_bw,12,0.0
254,exp254,15,True,0.4,nn,low_bw,12,0.5
255,exp255,15,True,0.4,lm,low_bw,12,0.5
256,exp256,15,True,0.4,nn,low_bw,12,1.0
257,exp257,15,True,0.4,lm,low_bw,12,1.0
258,exp258,15,True,0.4,nn,low_bw,13,0.0
259,exp259,15,True,0.4,lm,low_bw,13,0.0
260,exp260,15,True,0.4,nn,low_bw,13,0.5
261,exp261,15,True,0.4,lm,low_bw,13,0.5
262,exp262,15,True,0.4,nn,low_bw,13,1.0
263,exp263,15,True,0.4,lm,low_bw,13,1.0
264,exp264,15,True,0.4,nn,low_bw,14,0.0
265,exp265,15,True,0.4,lm,low_bw,14,0.0
266,exp266,15,True,0.4,nn,low_bw,14,0.5
267,exp267,15,True,0.4,lm,low_bw,14,0.5
268,exp268,15,True,0.4,nn,low_bw,14,1.0
269,exp269,15,True,0.4,lm,low_bw,14,1.0
270,exp270,15,True,0.8,nn,high_bw,0,0.0
271,exp271,15,True,0.8,lm,high_bw,0,0.0
272,exp272,15,True,0.8,nn,high_bw,0,0.5
273,exp273,15,True,0.8,lm,high_bw,0,0.5
274,exp274,15,True,0.8,nn,high_bw,0,1.0
275,exp275,15,True,0.8,lm,high_bw,0,1.0
276,exp276,15,True,0.8,nn,high_bw,1,0.0
277,exp277,15,True,0.8,lm,high_bw,1,0.0
278,exp278,15,True,0.8,nn,high_bw,1,0.5
279,exp279,15,True,0.8,lm,high_bw,1,0.5
280,exp280,15,True,0.8,nn,high_bw,1,1.0
281,exp281,15,True,0.8,lm,high_bw,1,1.0
282,exp282,15,True,0.8,nn,high_bw,2,0.0
283,exp283,15,True,0.8,lm,high_bw,2,0.0
284,exp284,15,True,0.8,nn,high_bw,2,0.5
285,exp285,15,True,0.8,lm,high_bw,2,0.5
286,exp286,15,True,0.8,nn,high_bw,2,1.0
287,exp287,15,True,0.8,lm,high_bw,2,1.0
288,exp288,15,True,0.8,nn,high_bw,3,0.0
289,exp289,15,True,0.8,lm,high_bw,3,0.0
290,exp290,15,True,0.8,nn,high_bw,3,0.5
291,exp291,15,True,0.8,lm,high_bw,3,0.5
292,exp292,15,True,0.8,nn,high_bw,3,1.0
293,exp293,15,True,0.8,lm,high_bw,3,1.0
294,exp294,15,True,0.8,nn,high_bw,4,0.0
295,exp295,15,True,0.8,lm,high_bw,4,0.0
296,exp296,15,True,0.8,nn,high_bw,4,0.5
297,exp297,15,True,0.8,lm,high_bw,4,0.5
298,exp298,15,True,0.8,nn,high_bw,4,1.0
299,exp299,15,True,0.8,lm,high_bw,4,1.0
300,exp300,15,True,0.8,nn,high_bw,5,0.0
301,exp301,15,True,0.8,lm,high_bw,5,0.0
302,exp302,15,True,0.8,nn,high_bw,5,0.5
303,exp303,15,True,0.8,lm,high_bw,5,0.5
304,exp304,15,True,0.8,nn,high_bw,5,1.0
305,exp305,15,True,0.8,lm,high_bw,5,1.0
306,exp306,15,True,0.8,nn,high_bw,6,0.0
307,exp307,15,True,0.8,lm,high_bw,6,0.0
308,exp308,15,True,0.8,nn,high_bw,6,0.5
309,exp309,15,True,0.8,lm,high_bw,6,0.5
310,exp310,15,True,0.8,nn,high_bw,6,1.0
311,exp311,15,True,0.8,lm,high_bw,6,1.0
312,exp312,15,True,0.8,nn,high_bw,7,0.0
313,exp313,15,True,0.8,lm,high_bw,7,0.0
314,exp314,15,True,0.8,nn,high_bw,7,0.5
315,exp315,15,True,0.8,lm,high_bw,7,0.5
316,exp316,15,True,0.8,nn,high_bw,7,1.0
317,exp317,15,True,0.8,lm,high_bw,7,1.0
318,exp318,15,True,0.8,nn,high_bw,8,0.0
319,exp319,15,True,0.8,lm,high_bw,8,0.0
320,exp320,15,True,0.8,nn,high_bw,8,0.5
321,exp321,15,True,0.8,lm,high_bw,8,0.5
322,exp322,15,True,0.8,nn,high_bw,8,1.0
323,exp323,15,True,0.8,lm,high_bw,8,1.0
324,exp324,15,True,0.8,nn,high_bw,9,0.0
325,exp325,15,True,0.8,lm,high_bw,9,0.0
326,exp326,15,True,0.8,nn,high_bw,9,0.5
327,exp327,15,True,0.8,lm,high_bw,9,0.5
328,exp328,15,True,0.8,nn,high_bw,9,1.0
329,exp329,15,True,0.8,lm,high_bw,9,1.0
330,exp330,15,True,0.8,nn,high_bw,10,0.0
331,exp331,15,True,0.8,lm,high_bw,10,0.0
332,exp332,15,True,0.8,nn,high_bw,10,0.5
333,exp333,15,True,0.8,lm,high_bw,10,0.5
334,exp334,15,True,0.8,nn,high_bw,10,1.0
335,exp335,15,True,0.8,lm,high_bw,10,1.0
336,exp336,15,True,0.8,nn,high_bw,11,0.0
337,exp337,15,True,0.8,lm,high_bw,11,0.0
338,exp338,15,True,0.8,nn,high_bw,11,0.5
339,exp339,15,True,0.8,lm,high_bw,11,0.5
340,exp340,15,True,0.8,nn,high_bw,11,1.0
341,exp341,15,True,0.8,lm,high_bw,11,1.0
342,exp342,15,True,0.8,nn,high_bw,12,0.0
343,exp343,15,True,0.8,lm,high_bw,12,0.0
344,exp344,15,True,0.8,nn,high_bw,12,0.5
345,exp345,15,True,0.8,lm,high_bw,12,0.5
346,exp346,15,True,0.8,nn,high_bw,12,1.0
347,exp347,15,True,0.8,lm,high_bw,12,1.0
348,exp348,15,True,0.8,nn,high_bw,13,0.0
349,exp349,15,True,0.8,lm,high_bw,13,0.0
350,exp350,15,True,0.8,nn,high_bw,13,0.5
351,exp351,15,True,0.8,lm,high_bw,13,0.5
352,exp352,15,True,0.8,nn,high_bw,13,1.0
353,exp353,15,True,0.8,lm,high_bw,13,1.0
354,exp354,15,True,0.8,nn,high_bw,14,0.0
355,exp355,15,True,0.8,lm,high_bw,14,0.0
356,exp356,15,True,0.8,nn,high_bw,14,0.5
357,exp357,15,True,0.8,lm,high_bw,14,0.5
358,exp358,15,True,0.8,nn,high_bw,14,1.0
359,exp359,15,True,0.8,lm,high_bw,14,1.0
360,exp360,15,True,0.8,nn,medium_bw,0,0.0
361,exp361,15,True,0.8,lm,medium_bw,0,0.0
362,exp362,15,True,0.8,nn,medium_bw,0,0.5
363,exp363,15,True,0.8,lm,medium_bw,0,0.5
364,exp364,15,True,0.8,nn,medium_bw,0,1.0
365,exp365,15,True,0.8,lm,medium_bw,0,1.0
366,exp366,15,True,0.8,nn,medium_bw,1,0.0
367,exp367,15,True,0.8,lm,medium_bw,1,0.0
368,exp368,15,True,0.8,nn,medium_bw,1,0.5
369,exp369,15,True,0.8,lm,medium_bw,1,0.5
370,exp370,15,True,0.8,nn,medium_bw,1,1.0
371,exp371,15,True,0.8,lm,medium_bw,1,1.0
372,exp372,15,True,0.8,nn,medium_bw,2,0.0
373,exp373,15,True,0.8,lm,medium_bw,2,0.0
374,exp374,15,True,0.8,nn,medium_bw,2,0.5
375,exp375,15,True,0.8,lm,medium_bw,2,0.5
376,exp376,15,True,0.8,nn,medium_bw,2,1.0
377,exp377,15,True,0.8,lm,medium_bw,2,1.0
378,exp378,15,True,0.8,nn,medium_bw,3,0.0
379,exp379,15,True,0.8,lm,medium_bw,3,0.0
380,exp380,15,True,0.8,nn,medium_bw,3,0.5
381,exp381,15,True,0.8,lm,medium_bw,3,0.5
382,exp382,15,True,0.8,nn,medium_bw,3,1.0
383,exp383,15,True,0.8,lm,medium_bw,3,1.0
384,exp384,15,True,0.8,nn,medium_bw,4,0.0
385,exp385,15,True,0.8,lm,medium_bw,4,0.0
386,exp386,15,True,0.8,nn,medium_bw,4,0.5
387,exp387,15,True,0.8,lm,medium_bw,4,0.5
388,exp388,15,True,0.8,nn,medium_bw,4,1.0
389,exp389,15,True,0.8,lm,medium_bw,4,1.0
390,exp390,15,True,0.8,nn,medium_bw,5,0.0
391,exp391,15,True,0.8,lm,medium_bw,5,0.0
392,exp392,15,True,0.8,nn,medium_bw,5,0.5
393,exp393,15,True,0.8,lm,medium_bw,5,0.5
394,exp394,15,True,0.8,nn,medium_bw,5,1.0
395,exp395,15,True,0.8,lm,medium_bw,5,1.0
396,exp396,15,True,0.8,nn,medium_bw,6,0.0
397,exp397,15,True,0.8,lm,medium_bw,6,0.0
398,exp398,15,True,0.8,nn,medium_bw,6,0.5
399,exp399,15,True,0.8,lm,medium_bw,6,0.5
400,exp400,15,True,0.8,nn,medium_bw,6,1.0
401,exp401,15,True,0.8,lm,medium_bw,6,1.0
402,exp402,15,True,0.8,nn,medium_bw,7,0.0
403,exp403,15,True,0.8,lm,medium_bw,7,0.0
404,exp404,15,True,0.8,nn,medium_bw,7,0.5
405,exp405,15,True,0.8,lm,medium_bw,7,0.5
406,exp406,15,True,0.8,nn,medium_bw,7,1.0
407,exp407,15,True,0.8,lm,medium_bw,7,1.0
408,exp408,15,True,0.8,nn,medium_bw,8,0.0
409,exp409,15,True,0.8,lm,medium_bw,8,0.0
410,exp410,15,True,0.8,nn,medium_bw,8,0.5
411,exp411,15,True,0.8,lm,medium_bw,8,0.5
412,exp412,15,True,0.8,nn,medium_bw,8,1.0
413,exp413,15,True,0.8,lm,medium_bw,8,1.0
414,exp414,15,True,0.8,nn,medium_bw,9,0.0
415,exp415,15,True,0.8,lm,medium_bw,9,0.0
416,exp416,15,True,0.8,nn,medium_bw,9,0.5
417,exp417,15,True,0.8,lm,medium_bw,9,0.5
418,exp418,15,True,0.8,nn,medium_bw,9,1.0
419,exp419,15,True,0.8,lm,medium_bw,9,1.0
420,exp420,15,True,0.8,nn,medium_bw,10,0.0
421,exp421,15,True,0.8,lm,medium_bw,10,0.0
422,exp422,15,True,0.8,nn,medium_bw,10,0.5
423,exp423,15,True,0.8,lm,medium_bw,10,0.5
424,exp424,15,True,0.8,nn,medium_bw,10,1.0
425,exp425,15,True,0.8,lm,medium_bw,10,1.0
426,exp426,15,True,0.8,nn,medium_bw,11,0.0
427,exp427,15,True,0.8,lm,medium_bw,11,0.0
428,exp428,15,True,0.8,nn,medium_bw,11,0.5
429,exp429,15,True,0.8,lm,medium_bw,11,0.5
430,exp430,15,True,0.8,nn,medium_bw,11,1.0
431,exp431,15,True,0.8,lm,medium_bw,11,1.0
432,exp432,15,True,0.8,nn,medium_bw,12,0.0
433,exp433,15,True,0.8,lm,medium_bw,12,0.0
434,exp434,15,True,0.8,nn,medium_bw,12,0.5
435,exp435,15,True,0.8,lm,medium_bw,12,0.5
436,exp436,15,True,0.8,nn,medium_bw,12,1.0
437,exp437,15,True,0.8,lm,medium_bw,12,1.0
438,exp438,15,True,0.8,nn,medium_bw,13,0.0
439,exp439,15,True,0.8,lm,medium_bw,13,0.0
440,exp440,15,True,0.8,nn,medium_bw,13,0.5
441,exp441,15,True,0.8,lm,medium_bw,13,0.5
442,exp442,15,True,0.8,nn,medium_bw,13,1.0
443,exp443,15,True,0.8,lm,medium_bw,13,1.0
444,exp444,15,True,0.8,nn,medium_bw,14,0.0
445,exp445,15,True,0.8,lm,medium_bw,14,0.0
446,exp446,15,True,0.8,nn,medium_bw,14,0.5
447,exp447,15,True,0.8,lm,medium_bw,14,0.5
448,exp448,15,True,0.8,nn,medium_bw,14,1.0
449,exp449,15,True,0.8,lm,medium_bw,14,1.0
450,exp450,15,True,0.8,nn,low_bw,0,0.0
451,exp451,15,True,0.8,lm,low_bw,0,0.0
452,exp452,15,True,0.8,nn,low_bw,0,0.5
453,exp453,15,True,0.8,lm,low_bw,0,0.5
454,exp454,15,True,0.8,nn,low_bw,0,1.0
455,exp455,15,True,0.8,lm,low_bw,0,1.0
456,exp456,15,True,0.8,nn,low_bw,1,0.0
457,exp457,15,True,0.8,lm,low_bw,1,0.0
458,exp458,15,True,0.8,nn,low_bw,1,0.5
459,exp459,15,True,0.8,lm,low_bw,1,0.5
460,exp460,15,True,0.8,nn,low_bw,1,1.0
461,exp461,15,True,0.8,lm,low_bw,1,1.0
462,exp462,15,True,0.8,nn,low_bw,2,0.0
463,exp463,15,True,0.8,lm,low_bw,2,0.0
464,exp464,15,True,0.8,nn,low_bw,2,0.5
465,exp465,15,True,0.8,lm,low_bw,2,0.5
466,exp466,15,True,0.8,nn,low_bw,2,1.0
467,exp467,15,True,0.8,lm,low_bw,2,1.0
468,exp468,15,True,0.8,nn,low_bw,3,0.0
469,exp469,15,True,0.8,lm,low_bw,3,0.0
470,exp470,15,True,0.8,nn,low_bw,3,0.5
471,exp471,15,True,0.8,lm,low_bw,3,0.5
472,exp472,15,True,0.8,nn,low_bw,3,1.0
473,exp473,15,True,0.8,lm,low_bw,3,1.0
474,exp474,15,True,0.8,nn,low_bw,4,0.0
475,exp475,15,True,0.8,lm,low_bw,4,0.0
476,exp476,15,True,0.8,nn,low_bw,4,0.5
477,exp477,15,True,0.8,lm,low_bw,4,0.5
478,exp478,15,True,0.8,nn,low_bw,4,1.0
479,exp479,15,True,0.8,lm,low_bw,4,1.0
480,exp480,15,True,0.8,nn,low_bw,5,0.0
481,exp481,15,True,0.8,lm,low_bw,5,0.0
482,exp482,15,True,0.8,nn,low_bw,5,0.5
483,exp483,15,True,0.8,lm,low_bw,5,0.5
484,exp484,15,True,0.8,nn,low_bw,5,1.0
485,exp485,15,True,0.8,lm,low_bw,5,1.0
486,exp486,15,True,0.8,nn,low_bw,6,0.0
487,exp487,15,True,0.8,lm,low_bw,6,0.0
488,exp488,15,True,0.8,nn,low_bw,6,0.5
489,exp489,15,True,0.8,lm,low_bw,6,0.5
490,exp490,15,True,0.8,nn,low_bw,6,1.0
491,exp491,15,True,0.8,lm,low_bw,6,1.0
492,exp492,15,True,0.8,nn,low_bw,7,0.0
493,exp493,15,True,0.8,lm,low_bw,7,0.0
494,exp494,15,True,0.8,nn,low_bw,7,0.5
495,exp495,15,True,0.8,lm,low_bw,7,0.5
496,exp496,15,True,0.8,nn,low_bw,7,1.0
497,exp497,15,True,0.8,lm,low_bw,7,1.0
498,exp498,15,True,0.8,nn,low_bw,8,0.0
499,exp499,15,True,0.8,lm,low_bw,8,0.0
500,exp500,15,True,0.8,nn,low_bw,8,0.5
501,exp501,15,True,0.8,lm,low_bw,8,0.5
502,exp502,15,True,0.8,nn,low_bw,8,1.0
503,exp503,15,True,0.8,lm,low_bw,8,1.0
504,exp504,15,True,0.8,nn,low_bw,9,0.0
505,exp505,15,True,0.8,lm,low_bw,9,0.0
506,exp506,15,True,0.8,nn,low_bw,9,0.5
507,exp507,15,True,0.8,lm,low_bw,9,0.5
508,exp508,15,True,0.8,nn,low_bw,9,1.0
509,exp509,15,True,0.8,lm,low_bw,9,1.0
510,exp510,15,True,0.8,nn,low_bw,10,0.0
511,exp511,15,True,0.8,lm,low_bw,10,0.0
512,exp512,15,True,0.8,nn,low_bw,10,0.5
513,exp513,15,True,0.8,lm,low_bw,10,0.5
514,exp514,15,True,0.8,nn,low_bw,10,1.0
515,exp515,15,True,0.8,lm,low_bw,10,1.0
516,exp516,15,True,0.8,nn,low_bw,11,0.0
517,exp517,15,True,0.8,lm,low_bw,11,0.0
518,exp518,15,True,0.8,nn,low_bw,11,0.5
519,exp519,15,True,0.8,lm,low_bw,11,0.5
520,exp520,15,True,0.8,nn,low_bw,11,1.0
521,exp521,15,True,0.8,lm,low_bw,11,1.0
522,exp522,15,True,0.8,nn,low_bw,12,0.0
523,exp523,15,True,0.8,lm,low_bw,12,0.0
524,exp524,15,True,0.8,nn,low_bw,12,0.5
525,exp525,15,True,0.8,lm,low_bw,12,0.5
526,exp526,15,True,0.8,nn,low_bw,12,1.0
527,exp527,15,True,0.8,lm,low_bw,12,1.0
528,exp528,15,True,0.8,nn,low_bw,13,0.0
529,exp529,15,True,0.8,lm,low_bw,13,0.0
530,exp530,15,True,0.8,nn,low_bw,13,0.5
531,exp531,15,True,0.8,lm,low_bw,13,0.5
532,exp532,15,True,0.8,nn,low_bw,13,1.0
533,exp533,15,True,0.8,lm,low_bw,13,1.0
534,exp534,15,True,0.8,nn,low_bw,14,0.0
535,exp535,15,True,0.8,lm,low_bw,14,0.0
536,exp536,15,True,0.8,nn,low_bw,14,0.5
537,exp537,15,True,0.8,lm,low_bw,14,0.5
538,exp538,15,True,0.8,nn,low_bw,14,1.0
539,exp539,15,True,0.8,lm,low_bw,14,1.0
540,exp540,15,False,0.4,nn,high_bw,0,0.0
541,exp541,15,False,0.4,lm,high_bw,0,0.0
542,exp542,15,False,0.4,nn,high_bw,0,0.5
543,exp543,15,False,0.4,lm,high_bw,0,0.5
544,exp544,15,False,0.4,nn,high_bw,0,1.0
545,exp545,15,False,0.4,lm,high_bw,0,1.0
546,exp546,15,False,0.4,nn,high_bw,1,0.0
547,exp547,15,False,0.4,lm,high_bw,1,0.0
548,exp548,15,False,0.4,nn,high_bw,1,0.5
549,exp549,15,False,0.4,lm,high_bw,1,0.5
550,exp550,15,False,0.4,nn,high_bw,1,1.0
551,exp551,15,False,0.4,lm,high_bw,1,1.0
552,exp552,15,False,0.4,nn,high_bw,2,0.0
553,exp553,15,False,0.4,lm,high_bw,2,0.0
554,exp554,15,False,0.4,nn,high_bw,2,0.5
555,exp555,15,False,0.4,lm,high_bw,2,0.5
556,exp556,15,False,0.4,nn,high_bw,2,1.0
557,exp557,15,False,0.4,lm,high_bw,2,1.0
558,exp558,15,False,0.4,nn,high_bw,3,0.0
559,exp559,15,False,0.4,lm,high_bw,3,0.0
560,exp560,15,False,0.4,nn,high_bw,3,0.5
561,exp561,15,False,0.4,lm,high_bw,3,0.5
562,exp562,15,False,0.4,nn,high_bw,3,1.0
563,exp563,15,False,0.4,lm,high_bw,3,1.0
564,exp564,15,False,0.4,nn,high_bw,4,0.0
565,exp565,15,False,0.4,lm,high_bw,4,0.0
566,exp566,15,False,0.4,nn,high_bw,4,0.5
567,exp567,15,False,0.4,lm,high_bw,4,0.5
568,exp568,15,False,0.4,nn,high_bw,4,1.0
569,exp569,15,False,0.4,lm,high_bw,4,1.0
570,exp570,15,False,0.4,nn,high_bw,5,0.0
571,exp571,15,False,0.4,lm,high_bw,5,0.0
572,exp572,15,False,0.4,nn,high_bw,5,0.5
573,exp573,15,False,0.4,lm,high_bw,5,0.5
574,exp574,15,False,0.4,nn,high_bw,5,1.0
575,exp575,15,False,0.4,lm,high_bw,5,1.0
576,exp576,15,False,0.4,nn,high_bw,6,0.0
577,exp577,15,False,0.4,lm,high_bw,6,0.0
578,exp578,15,False,0.4,nn,high_bw,6,0.5
579,exp579,15,False,0.4,lm,high_bw,6,0.5
580,exp580,15,False,0.4,nn,high_bw,6,1.0
581,exp581,15,False,0.4,lm,high_bw,6,1.0
582,exp582,15,False,0.4,nn,high_bw,7,0.0
583,exp583,15,False,0.4,lm,high_bw,7,0.0
584,exp584,15,False,0.4,nn,high_bw,7,0.5
585,exp585,15,False,0.4,lm,high_bw,7,0.5
586,exp586,15,False,0.4,nn,high_bw,7,1.0
587,exp587,15,False,0.4,lm,high_bw,7,1.0
588,exp588,15,False,0.4,nn,high_bw,8,0.0
589,exp589,15,False,0.4,lm,high_bw,8,0.0
590,exp590,15,False,0.4,nn,high_bw,8,0.5
591,exp591,15,False,0.4,lm,high_bw,8,0.5
592,exp592,15,False,0.4,nn,high_bw,8,1.0
593,exp593,15,False,0.4,lm,high_bw,8,1.0
594,exp594,15,False,0.4,nn,high_bw,9,0.0
595,exp595,15,False,0.4,lm,high_bw,9,0.0
596,exp596,15,False,0.4,nn,high_bw,9,0.5
597,exp597,15,False,0.4,lm,high_bw,9,0.5
598,exp598,15,False,0.4,nn,high_bw,9,1.0
599,exp599,15,False,0.4,lm,high_bw,9,1.0
600,exp600,15,False,0.4,nn,high_bw,10,0.0
601,exp601,15,False,0.4,lm,high_bw,10,0.0
602,exp602,15,False,0.4,nn,high_bw,10,0.5
603,exp603,15,False,0.4,lm,high_bw,10,0.5
604,exp604,15,False,0.4,nn,high_bw,10,1.0
605,exp605,15,False,0.4,lm,high_bw,10,1.0
606,exp606,15,False,0.4,nn,high_bw,11,0.0
607,exp607,15,False,0.4,lm,high_bw,11,0.0
608,exp608,15,False,0.4,nn,high_bw,11,0.5
609,exp609,15,False,0.4,lm,high_bw,11,0.5
610,exp610,15,False,0.4,nn,high_bw,11,1.0
611,exp611,15,False,0.4,lm,high_bw,11,1.0
612,exp612,15,False,0.4,nn,high_bw,12,0.0
613,exp613,15,False,0.4,lm,high_bw,12,0.0
614,exp614,15,False,0.4,nn,high_bw,12,0.5
615,exp615,15,False,0.4,lm,high_bw,12,0.5
616,exp616,15,False,0.4,nn,high_bw,12,1.0
617,exp617,15,False,0.4,lm,high_bw,12,1.0
618,exp618,15,False,0.4,nn,high_bw,13,0.0
619,exp619,15,False,0.4,lm,high_bw,13,0.0
620,exp620,15,False,0.4,nn,high_bw,13,0.5
621,exp621,15,False,0.4,lm,high_bw,13,0.5
622,exp622,15,False,0.4,nn,high_bw,13,1.0
623,exp623,15,False,0.4,lm,high_bw,13,1.0
624,exp624,15,False,0.4,nn,high_bw,14,0.0
625,exp625,15,False,0.4,lm,high_bw,14,0.0
626,exp626,15,False,0.4,nn,high_bw,14,0.5
627,exp627,15,False,0.4,lm,high_bw,14,0.5
628,exp628,15,False,0.4,nn,high_bw,14,1.0
629,exp629,15,False,0.4,lm,high_bw,14,1.0
630,exp630,15,False,0.4,nn,medium_bw,0,0.0
631,exp631,15,False,0.4,lm,medium_bw,0,0.0
632,exp632,15,False,0.4,nn,medium_bw,0,0.5
633,exp633,15,False,0.4,lm,medium_bw,0,0.5
634,exp634,15,False,0.4,nn,medium_bw,0,1.0
635,exp635,15,False,0.4,lm,medium_bw,0,1.0
636,exp636,15,False,0.4,nn,medium_bw,1,0.0
637,exp637,15,False,0.4,lm,medium_bw,1,0.0
638,exp638,15,False,0.4,nn,medium_bw,1,0.5
639,exp639,15,False,0.4,lm,medium_bw,1,0.5
640,exp640,15,False,0.4,nn,medium_bw,1,1.0
641,exp641,15,False,0.4,lm,medium_bw,1,1.0
642,exp642,15,False,0.4,nn,medium_bw,2,0.0
643,exp643,15,False,0.4,lm,medium_bw,2,0.0
644,exp644,15,False,0.4,nn,medium_bw,2,0.5
645,exp645,15,False,0.4,lm,medium_bw,2,0.5
646,exp646,15,False,0.4,nn,medium_bw,2,1.0
647,exp647,15,False,0.4,lm,medium_bw,2,1.0
648,exp648,15,False,0.4,nn,medium_bw,3,0.0
649,exp649,15,False,0.4,lm,medium_bw,3,0.0
650,exp650,15,False,0.4,nn,medium_bw,3,0.5
651,exp651,15,False,0.4,lm,medium_bw,3,0.5
652,exp652,15,False,0.4,nn,medium_bw,3,1.0
653,exp653,15,False,0.4,lm,medium_bw,3,1.0
654,exp654,15,False,0.4,nn,medium_bw,4,0.0
655,exp655,15,False,0.4,lm,medium_bw,4,0.0
656,exp656,15,False,0.4,nn,medium_bw,4,0.5
657,exp657,15,False,0.4,lm,medium_bw,4,0.5
658,exp658,15,False,0.4,nn,medium_bw,4,1.0
659,exp659,15,False,0.4,lm,medium_bw,4,1.0
660,exp660,15,False,0.4,nn,medium_bw,5,0.0
661,exp661,15,False,0.4,lm,medium_bw,5,0.0
662,exp662,15,False,0.4,nn,medium_bw,5,0.5
663,exp663,15,False,0.4,lm,medium_bw,5,0.5
664,exp664,15,False,0.4,nn,medium_bw,5,1.0
665,exp665,15,False,0.4,lm,medium_bw,5,1.0
666,exp666,15,False,0.4,nn,medium_bw,6,0.0
667,exp667,15,False,0.4,lm,medium_bw,6,0.0
668,exp668,15,False,0.4,nn,medium_bw,6,0.5
669,exp669,15,False,0.4,lm,medium_bw,6,0.5
670,exp670,15,False,0.4,nn,medium_bw,6,1.0
671,exp671,15,False,0.4,lm,medium_bw,6,1.0
672,exp672,15,False,0.4,nn,medium_bw,7,0.0
673,exp673,15,False,0.4,lm,medium_bw,7,0.0
674,exp674,15,False,0.4,nn,medium_bw,7,0.5
675,exp675,15,False,0.4,lm,medium_bw,7,0.5
676,exp676,15,False,0.4,nn,medium_bw,7,1.0
677,exp677,15,False,0.4,lm,medium_bw,7,1.0
678,exp678,15,False,0.4,nn,medium_bw,8,0.0
679,exp679,15,False,0.4,lm,medium_bw,8,0.0
680,exp680,15,False,0.4,nn,medium_bw,8,0.5
681,exp681,15,False,0.4,lm,medium_bw,8,0.5
682,exp682,15,False,0.4,nn,medium_bw,8,1.0
683,exp683,15,False,0.4,lm,medium_bw,8,1.0
684,exp684,15,False,0.4,nn,medium_bw,9,0.0
685,exp685,15,False,0.4,lm,medium_bw,9,0.0
686,exp686,15,False,0.4,nn,medium_bw,9,0.5
687,exp687,15,False,0.4,lm,medium_bw,9,0.5
688,exp688,15,False,0.4,nn,medium_bw,9,1.0
689,exp689,15,False,0.4,lm,medium_bw,9,1.0
690,exp690,15,False,0.4,nn,medium_bw,10,0.0
691,exp691,15,False,0.4,lm,medium_bw,10,0.0
692,exp692,15,False,0.4,nn,medium_bw,10,0.5
693,exp693,15,False,0.4,lm,medium_bw,10,0.5
694,exp694,15,False,0.4,nn,medium_bw,10,1.0
695,exp695,15,False,0.4,lm,medium_bw,10,1.0
696,exp696,15,False,0.4,nn,medium_bw,11,0.0
697,exp697,15,False,0.4,lm,medium_bw,11,0.0
698,exp698,15,False,0.4,nn,medium_bw,11,0.5
699,exp699,15,False,0.4,lm,medium_bw,11,0.5
700,exp700,15,False,0.4,nn,medium_bw,11,1.0
701,exp701,15,False,0.4,lm,medium_bw,11,1.0
702,exp702,15,False,0.4,nn,medium_bw,12,0.0
703,exp703,15,False,0.4,lm,medium_bw,12,0.0
704,exp704,15,False,0.4,nn,medium_bw,12,0.5
705,exp705,15,False,0.4,lm,medium_bw,12,0.5
706,exp706,15,False,0.4,nn,medium_bw,12,1.0
707,exp707,15,False,0.4,lm,medium_bw,12,1.0
708,exp708,15,False,0.4,nn,medium_bw,13,0.0
709,exp709,15,False,0.4,lm,medium_bw,13,0.0
710,exp710,15,False,0.4,nn,medium_bw,13,0.5
711,exp711,15,False,0.4,lm,medium_bw,13,0.5
712,exp712,15,False,0.4,nn,medium_bw,13,1.0
713,exp713,15,False,0.4,lm,medium_bw,13,1.0
714,exp714,15,False,0.4,nn,medium_bw,14,0.0
715,exp715,15,False,0.4,lm,medium_bw,14,0.0
716,exp716,15,False,0.4,nn,medium_bw,14,0.5
717,exp717,15,False,0.4,lm,medium_bw,14,0.5
718,exp718,15,False,0.4,nn,medium_bw,14,1.0
719,exp719,15,False,0.4,lm,medium_bw,14,1.0
720,exp720,15,False,0.4,nn,low_bw,0,0.0
721,exp721,15,False,0.4,lm,low_bw,0,0.0
722,exp722,15,False,0.4,nn,low_bw,0,0.5
723,exp723,15,False,0.4,lm,low_bw,0,0.5
724,exp724,15,False,0.4,nn,low_bw,0,1.0
725,exp725,15,False,0.4,lm,low_bw,0,1.0
726,exp726,15,False,0.4,nn,low_bw,1,0.0
727,exp727,15,False,0.4,lm,low_bw,1,0.0
728,exp728,15,False,0.4,nn,low_bw,1,0.5
729,exp729,15,False,0.4,lm,low_bw,1,0.5
730,exp730,15,False,0.4,nn,low_bw,1,1.0
731,exp731,15,False,0.4,lm,low_bw,1,1.0
732,exp732,15,False,0.4,nn,low_bw,2,0.0
733,exp733,15,False,0.4,lm,low_bw,2,0.0
734,exp734,15,False,0.4,nn,low_bw,2,0.5
735,exp735,15,False,0.4,lm,low_bw,2,0.5
736,exp736,15,False,0.4,nn,low_bw,2,1.0
737,exp737,15,False,0.4,lm,low_bw,2,1.0
738,exp738,15,False,0.4,nn,low_bw,3,0.0
739,exp739,15,False,0.4,lm,low_bw,3,0.0
740,exp740,15,False,0.4,nn,low_bw,3,0.5
741,exp741,15,False,0.4,lm,low_bw,3,0.5
742,exp742,15,False,0.4,nn,low_bw,3,1.0
743,exp743,15,False,0.4,lm,low_bw,3,1.0
744,exp744,15,False,0.4,nn,low_bw,4,0.0
745,exp745,15,False,0.4,lm,low_bw,4,0.0
746,exp746,15,False,0.4,nn,low_bw,4,0.5
747,exp747,15,False,0.4,lm,low_bw,4,0.5
748,exp748,15,False,0.4,nn,low_bw,4,1.0
749,exp749,15,False,0.4,lm,low_bw,4,1.0
750,exp750,15,False,0.4,nn,low_bw,5,0.0
751,exp751,15,False,0.4,lm,low_bw,5,0.0
752,exp752,15,False,0.4,nn,low_bw,5,0.5
753,exp753,15,False,0.4,lm,low_bw,5,0.5
754,exp754,15,False,0.4,nn,low_bw,5,1.0
755,exp755,15,False,0.4,lm,low_bw,5,1.0
756,exp756,15,False,0.4,nn,low_bw,6,0.0
757,exp757,15,False,0.4,lm,low_bw,6,0.0
758,exp758,15,False,0.4,nn,low_bw,6,0.5
759,exp759,15,False,0.4,lm,low_bw,6,0.5
760,exp760,15,False,0.4,nn,low_bw,6,1.0
761,exp761,15,False,0.4,lm,low_bw,6,1.0
762,exp762,15,False,0.4,nn,low_bw,7,0.0
763,exp763,15,False,0.4,lm,low_bw,7,0.0
764,exp764,15,False,0.4,nn,low_bw,7,0.5
765,exp765,15,False,0.4,lm,low_bw,7,0.5
766,exp766,15,False,0.4,nn,low_bw,7,1.0
767,exp767,15,False,0.4,lm,low_bw,7,1.0
768,exp768,15,False,0.4,nn,low_bw,8,0.0
769,exp769,15,False,0.4,lm,low_bw,8,0.0
770,exp770,15,False,0.4,nn,low_bw,8,0.5
771,exp771,15,False,0.4,lm,low_bw,8,0.5
772,exp772,15,False,0.4,nn,low_bw,8,1.0
773,exp773,15,False,0.4,lm,low_bw,8,1.0
774,exp774,15,False,0.4,nn,low_bw,9,0.0
775,exp775,15,False,0.4,lm,low_bw,9,0.0
776,exp776,15,False,0.4,nn,low_bw,9,0.5
777,exp777,15,False,0.4,lm,low_bw,9,0.5
778,exp778,15,False,0.4,nn,low_bw,9,1.0
779,exp779,15,False,0.4,lm,low_bw,9,1.0
780,exp780,15,False,0.4,nn,low_bw,10,0.0
781,exp781,15,False,0.4,lm,low_bw,10,0.0
782,exp782,15,False,0.4,nn,low_bw,10,0.5
783,exp783,15,False,0.4,lm,low_bw,10,0.5
784,exp784,15,False,0.4,nn,low_bw,10,1.0
785,exp785,15,False,0.4,lm,low_bw,10,1.0
786,exp786,15,False,0.4,nn,low_bw,11,0.0
787,exp787,15,False,0.4,lm,low_bw,11,0.0
788,exp788,15,False,0.4,nn,low_bw,11,0.5
789,exp789,15,False,0.4,lm,low_bw,11,0.5
790,exp790,15,False,0.4,nn,low_bw,11,1.0
791,exp791,15,False,0.4,lm,low_bw,11,1.0
792,exp792,15,False,0.4,nn,low_bw,12,0.0
793,exp793,15,False,0.4,lm,low_bw,12,0.0
794,exp794,15,False,0.4,nn,low_bw,12,0.5
795,exp795,15,False,0.4,lm,low_bw,12,0.5
796,exp796,15,False,0.4,nn,low_bw,12,1.0
797,exp797,15,False,0.4,lm,low_bw,12,1.0
798,exp798,15,False,0.4,nn,low_bw,13,0.0
799,exp799,15,False,0.4,lm,low_bw,13,0.0
800,exp800,15,False,0.4,nn,low_bw,13,0.5
801,exp801,15,False,0.4,lm,low_bw,13,0.5
802,exp802,15,False,0.4,nn,low_bw,13,1.0
803,exp803,15,False,0.4,lm,low_bw,13,1.0
804,exp804,15,False,0.4,nn,low_bw,14,0.0
805,exp805,15,False,0.4,lm,low_bw,14,0.0
806,exp806,15,False,0.4,nn,low_bw,14,0.5
807,exp807,15,False,0.4,lm,low_bw,14,0.5
808,exp808,15,False,0.4,nn,low_bw,14,1.0
809,exp809,15,False,0.4,lm,low_bw,14,1.0
810,exp810,15,False,0.8,nn,high_bw,0,0.0
811,exp811,15,False,0.8,lm,high_bw,0,0.0
812,exp812,15,False,0.8,nn,high_bw,0,0.5
813,exp813,15,False,0.8,lm,high_bw,0,0.5
814,exp814,15,False,0.8,nn,high_bw,0,1.0
815,exp815,15,False,0.8,lm,high_bw,0,1.0
816,exp816,15,False,0.8,nn,high_bw,1,0.0
817,exp817,15,False,0.8,lm,high_bw,1,0.0
818,exp818,15,False,0.8,nn,high_bw,1,0.5
819,exp819,15,False,0.8,lm,high_bw,1,0.5
820,exp820,15,False,0.8,nn,high_bw,1,1.0
821,exp821,15,False,0.8,lm,high_bw,1,1.0
822,exp822,15,False,0.8,nn,high_bw,2,0.0
823,exp823,15,False,0.8,lm,high_bw,2,0.0
824,exp824,15,False,0.8,nn,high_bw,2,0.5
825,exp825,15,False,0.8,lm,high_bw,2,0.5
826,exp826,15,False,0.8,nn,high_bw,2,1.0
827,exp827,15,False,0.8,lm,high_bw,2,1.0
828,exp828,15,False,0.8,nn,high_bw,3,0.0
829,exp829,15,False,0.8,lm,high_bw,3,0.0
830,exp830,15,False,0.8,nn,high_bw,3,0.5
831,exp831,15,False,0.8,lm,high_bw,3,0.5
832,exp832,15,False,0.8,nn,high_bw,3,1.0
833,exp833,15,False,0.8,lm,high_bw,3,1.0
834,exp834,15,False,0.8,nn,high_bw,4,0.0
835,exp835,15,False,0.8,lm,high_bw,4,0.0
836,exp836,15,False,0.8,nn,high_bw,4,0.5
837,exp837,15,False,0.8,lm,high_bw,4,0.5
838,exp838,15,False,0.8,nn,high_bw,4,1.0
839,exp839,15,False,0.8,lm,high_bw,4,1.0
840,exp840,15,False,0.8,nn,high_bw,5,0.0
841,exp841,15,False,0.8,lm,high_bw,5,0.0
842,exp842,15,False,0.8,nn,high_bw,5,0.5
843,exp843,15,False,0.8,lm,high_bw,5,0.5
844,exp844,15,False,0.8,nn,high_bw,5,1.0
845,exp845,15,False,0.8,lm,high_bw,5,1.0
846,exp846,15,False,0.8,nn,high_bw,6,0.0
847,exp847,15,False,0.8,lm,high_bw,6,0.0
848,exp848,15,False,0.8,nn,high_bw,6,0.5
849,exp849,15,False,0.8,lm,high_bw,6,0.5
850,exp850,15,False,0.8,nn,high_bw,6,1.0
851,exp851,15,False,0.8,lm,high_bw,6,1.0
852,exp852,15,False,0.8,nn,high_bw,7,0.0
853,exp853,15,False,0.8,lm,high_bw,7,0.0
854,exp854,15,False,0.8,nn,high_bw,7,0.5
855,exp855,15,False,0.8,lm,high_bw,7,0.5
856,exp856,15,False,0.8,nn,high_bw,7,1.0
857,exp857,15,False,0.8,lm,high_bw,7,1.0
858,exp858,15,False,0.8,nn,high_bw,8,0.0
859,exp859,15,False,0.8,lm,high_bw,8,0.0
860,exp860,15,False,0.8,nn,high_bw,8,0.5
861,exp861,15,False,0.8,lm,high_bw,8,0.5
862,exp862,15,False,0.8,nn,high_bw,8,1.0
863,exp863,15,False,0.8,lm,high_bw,8,1.0
864,exp864,15,False,0.8,nn,high_bw,9,0.0
865,exp865,15,False,0.8,lm,high_bw,9,0.0
866,exp866,15,False,0.8,nn,high_bw,9,0.5
867,exp867,15,False,0.8,lm,high_bw,9,0.5
868,exp868,15,False,0.8,nn,high_bw,9,1.0
869,exp869,15,False,0.8,lm,high_bw,9,1.0
870,exp870,15,False,0.8,nn,high_bw,10,0.0
871,exp871,15,False,0.8,lm,high_bw,10,0.0
872,exp872,15,False,0.8,nn,high_bw,10,0.5
873,exp873,15,False,0.8,lm,high_bw,10,0.5
874,exp874,15,False,0.8,nn,high_bw,10,1.0
875,exp875,15,False,0.8,lm,high_bw,10,1.0
876,exp876,15,False,0.8,nn,high_bw,11,0.0
877,exp877,15,False,0.8,lm,high_bw,11,0.0
878,exp878,15,False,0.8,nn,high_bw,11,0.5
879,exp879,15,False,0.8,lm,high_bw,11,0.5
880,exp880,15,False,0.8,nn,high_bw,11,1.0
881,exp881,15,False,0.8,lm,high_bw,11,1.0
882,exp882,15,False,0.8,nn,high_bw,12,0.0
883,exp883,15,False,0.8,lm,high_bw,12,0.0
884,exp884,15,False,0.8,nn,high_bw,12,0.5
885,exp885,15,False,0.8,lm,high_bw,12,0.5
886,exp886,15,False,0.8,nn,high_bw,12,1.0
887,exp887,15,False,0.8,lm,high_bw,12,1.0
888,exp888,15,False,0.8,nn,high_bw,13,0.0
889,exp889,15,False,0.8,lm,high_bw,13,0.0
890,exp890,15,False,0.8,nn,high_bw,13,0.5
891,exp891,15,False,0.8,lm,high_bw,13,0.5
892,exp892,15,False,0.8,nn,high_bw,13,1.0
893,exp893,15,False,0.8,lm,high_bw,13,1.0
894,exp894,15,False,0.8,nn,high_bw,14,0.0
895,exp895,15,False,0.8,lm,high_bw,14,0.0
896,exp896,15,False,0.8,nn,high_bw,14,0.5
897,exp897,15,False,0.8,lm,high_bw,14,0.5
898,exp898,15,False,0.8,nn,high_bw,14,1.0
899,exp899,15,False,0.8,lm,high_bw,14,1.0
900,exp900,15,False,0.8,nn,medium_bw,0,0.0
901,exp901,15,False,0.8,lm,medium_bw,0,0.0
902,exp902,15,False,0.8,nn,medium_bw,0,0.5
903,exp903,15,False,0.8,lm,medium_bw,0,0.5
904,exp904,15,False,0.8,nn,medium_bw,0,1.0
905,exp905,15,False,0.8,lm,medium_bw,0,1.0
906,exp906,15,False,0.8,nn,medium_bw,1,0.0
907,exp907,15,False,0.8,lm,medium_bw,1,0.0
908,exp908,15,False,0.8,nn,medium_bw,1,0.5
909,exp909,15,False,0.8,lm,medium_bw,1,0.5
910,exp910,15,False,0.8,nn,medium_bw,1,1.0
911,exp911,15,False,0.8,lm,medium_bw,1,1.0
912,exp912,15,False,0.8,nn,medium_bw,2,0.0
913,exp913,15,False,0.8,lm,medium_bw,2,0.0
914,exp914,15,False,0.8,nn,medium_bw,2,0.5
915,exp915,15,False,0.8,lm,medium_bw,2,0.5
916,exp916,15,False,0.8,nn,medium_bw,2,1.0
917,exp917,15,False,0.8,lm,medium_bw,2,1.0
918,exp918,15,False,0.8,nn,medium_bw,3,0.0
919,exp919,15,False,0.8,lm,medium_bw,3,0.0
920,exp920,15,False,0.8,nn,medium_bw,3,0.5
921,exp921,15,False,0.8,lm,medium_bw,3,0.5
922,exp922,15,False,0.8,nn,medium_bw,3,1.0
923,exp923,15,False,0.8,lm,medium_bw,3,1.0
924,exp924,15,False,0.8,nn,medium_bw,4,0.0
925,exp925,15,False,0.8,lm,medium_bw,4,0.0
926,exp926,15,False,0.8,nn,medium_bw,4,0.5
927,exp927,15,False,0.8,lm,medium_bw,4,0.5
928,exp928,15,False,0.8,nn,medium_bw,4,1.0
929,exp929,15,False,0.8,lm,medium_bw,4,1.0
930,exp930,15,False,0.8,nn,medium_bw,5,0.0
931,exp931,15,False,0.8,lm,medium_bw,5,0.0
932,exp932,15,False,0.8,nn,medium_bw,5,0.5
933,exp933,15,False,0.8,lm,medium_bw,5,0.5
934,exp934,15,False,0.8,nn,medium_bw,5,1.0
935,exp935,15,False,0.8,lm,medium_bw,5,1.0
936,exp936,15,False,0.8,nn,medium_bw,6,0.0
937,exp937,15,False,0.8,lm,medium_bw,6,0.0
938,exp938,15,False,0.8,nn,medium_bw,6,0.5
939,exp939,15,False,0.8,lm,medium_bw,6,0.5
940,exp940,15,False,0.8,nn,medium_bw,6,1.0
941,exp941,15,False,0.8,lm,medium_bw,6,1.0
942,exp942,15,False,0.8,nn,medium_bw,7,0.0
943,exp943,15,False,0.8,lm,medium_bw,7,0.0
944,exp944,15,False,0.8,nn,medium_bw,7,0.5
945,exp945,15,False,0.8,lm,medium_bw,7,0.5
946,exp946,15,False,0.8,nn,medium_bw,7,1.0
947,exp947,15,False,0.8,lm,medium_bw,7,1.0
948,exp948,15,False,0.8,nn,medium_bw,8,0.0
949,exp949,15,False,0.8,lm,medium_bw,8,0.0
950,exp950,15,False,0.8,nn,medium_bw,8,0.5
951,exp951,15,False,0.8,lm,medium_bw,8,0.5
952,exp952,15,False,0.8,nn,medium_bw,8,1.0
953,exp953,15,False,0.8,lm,medium_bw,8,1.0
954,exp954,15,False,0.8,nn,medium_bw,9,0.0
955,exp955,15,False,0.8,lm,medium_bw,9,0.0
956,exp956,15,False,0.8,nn,medium_bw,9,0.5
957,exp957,15,False,0.8,lm,medium_bw,9,0.5
958,exp958,15,False,0.8,nn,medium_bw,9,1.0
959,exp959,15,False,0.8,lm,medium_bw,9,1.0
960,exp960,15,False,0.8,nn,medium_bw,10,0.0
961,exp961,15,False,0.8,lm,medium_bw,10,0.0
962,exp962,15,False,0.8,nn,medium_bw,10,0.5
963,exp963,15,False,0.8,lm,medium_bw,10,0.5
964,exp964,15,False,0.8,nn,medium_bw,10,1.0
965,exp965,15,False,0.8,lm,medium_bw,10,1.0
966,exp966,15,False,0.8,nn,medium_bw,11,0.0
967,exp967,15,False,0.8,lm,medium_bw,11,0.0
968,exp968,15,False,0.8,nn,medium_bw,11,0.5
969,exp969,15,False,0.8,lm,medium_bw,11,0.5
970,exp970,15,False,0.8,nn,medium_bw,11,1.0
971,exp971,15,False,0.8,lm,medium_bw,11,1.0
972,exp972,15,False,0.8,nn,medium_bw,12,0.0
973,exp973,15,False,0.8,lm,medium_bw,12,0.0
974,exp974,15,False,0.8,nn,medium_bw,12,0.5
975,exp975,15,False,0.8,lm,medium_bw,12,0.5
976,exp976,15,False,0.8,nn,medium_bw,12,1.0
977,exp977,15,False,0.8,lm,medium_bw,12,1.0
978,exp978,15,False,0.8,nn,medium_bw,13,0.0
979,exp979,15,False,0.8,lm,medium_bw,13,0.0
980,exp980,15,False,0.8,nn,medium_bw,13,0.5
981,exp981,15,False,0.8,lm,medium_bw,13,0.5
982,exp982,15,False,0.8,nn,medium_bw,13,1.0
983,exp983,15,False,0.8,lm,medium_bw,13,1.0
984,exp984,15,False,0.8,nn,medium_bw,14,0.0
985,exp985,15,False,0.8,lm,medium_bw,14,0.0
986,exp986,15,False,0.8,nn,medium_bw,14,0.5
987,exp987,15,False,0.8,lm,medium_bw,14,0.5
988,exp988,15,False,0.8,nn,medium_bw,14,1.0
989,exp989,15,False,0.8,lm,medium_bw,14,1.0
990,exp990,15,False,0.8,nn,low_bw,0,0.0
991,exp991,15,False,0.8,lm,low_bw,0,0.0
992,exp992,15,False,0.8,nn,low_bw,0,0.5
993,exp993,15,False,0.8,lm,low_bw,0,0.5
994,exp994,15,False,0.8,nn,low_bw,0,1.0
995,exp995,15,False,0.8,lm,low_bw,0,1.0
996,exp996,15,False,0.8,nn,low_bw,1,0.0
997,exp997,15,False,0.8,lm,low_bw,1,0.0
998,exp998,15,False,0.8,nn,low_bw,1,0.5
999,exp999,15,False,0.8,lm,low_bw,1,0.5
1000,exp1000,15,False,0.8,nn,low_bw,1,1.0
1001,exp1001,15,False,0.8,lm,low_bw,1,1.0
1002,exp1002,15,False,0.8,nn,low_bw,2,0.0
1003,exp1003,15,False,0.8,lm,low_bw,2,0.0
1004,exp1004,15,False,0.8,nn,low_bw,2,0.5
1005,exp1005,15,False,0.8,lm,low_bw,2,0.5
1006,exp1006,15,False,0.8,nn,low_bw,2,1.0
1007,exp1007,15,False,0.8,lm,low_bw,2,1.0
1008,exp1008,15,False,0.8,nn,low_bw,3,0.0
1009,exp1009,15,False,0.8,lm,low_bw,3,0.0
1010,exp1010,15,False,0.8,nn,low_bw,3,0.5
1011,exp1011,15,False,0.8,lm,low_bw,3,0.5
1012,exp1012,15,False,0.8,nn,low_bw,3,1.0
1013,exp1013,15,False,0.8,lm,low_bw,3,1.0
1014,exp1014,15,False,0.8,nn,low_bw,4,0.0
1015,exp1015,15,False,0.8,lm,low_bw,4,0.0
1016,exp1016,15,False,0.8,nn,low_bw,4,0.5
1017,exp1017,15,False,0.8,lm,low_bw,4,0.5
1018,exp1018,15,False,0.8,nn,low_bw,4,1.0
1019,exp1019,15,False,0.8,lm,low_bw,4,1.0
1020,exp1020,15,False,0.8,nn,low_bw,5,0.0
1021,exp1021,15,False,0.8,lm,low_bw,5,0.0
1022,exp1022,15,False,0.8,nn,low_bw,5,0.5
1023,exp1023,15,False,0.8,lm,low_bw,5,0.5
1024,exp1024,15,False,0.8,nn,low_bw,5,1.0
1025,exp1025,15,False,0.8,lm,low_bw,5,1.0
1026,exp1026,15,False,0.8,nn,low_bw,6,0.0
1027,exp1027,15,False,0.8,lm,low_bw,6,0.0
1028,exp1028,15,False,0.8,nn,low_bw,6,0.5
1029,exp1029,15,False,0.8,lm,low_bw,6,0.5
1030,exp1030,15,False,0.8,nn,low_bw,6,1.0
1031,exp1031,15,False,0.8,lm,low_bw,6,1.0
1032,exp1032,15,False,0.8,nn,low_bw,7,0.0
1033,exp1033,15,False,0.8,lm,low_bw,7,0.0
1034,exp1034,15,False,0.8,nn,low_bw,7,0.5
1035,exp1035,15,False,0.8,lm,low_bw,7,0.5
1036,exp1036,15,False,0.8,nn,low_bw,7,1.0
1037,exp1037,15,False,0.8,lm,low_bw,7,1.0
1038,exp1038,15,False,0.8,nn,low_bw,8,0.0
1039,exp1039,15,False,0.8,lm,low_bw,8,0.0
1040,exp1040,15,False,0.8,nn,low_bw,8,0.5
1041,exp1041,15,False,0.8,lm,low_bw,8,0.5
1042,exp1042,15,False,0.8,nn,low_bw,8,1.0
1043,exp1043,15,False,0.8,lm,low_bw,8,1.0
1044,exp1044,15,False,0.8,nn,low_bw,9,0.0
1045,exp1045,15,False,0.8,lm,low_bw,9,0.0
1046,exp1046,15,False,0.8,nn,low_bw,9,0.5
1047,exp1047,15,False,0.8,lm,low_bw,9,0.5
1048,exp1048,15,False,0.8,nn,low_bw,9,1.0
1049,exp1049,15,False,0.8,lm,low_bw,9,1.0
1050,exp1050,15,False,0.8,nn,low_bw,10,0.0
1051,exp1051,15,False,0.8,lm,low_bw,10,0.0
1052,exp1052,15,False,0.8,nn,low_bw,10,0.5
1053,exp1053,15,False,0.8,lm,low_bw,10,0.5
1054,exp1054,15,False,0.8,nn,low_bw,10,1.0
1055,exp1055,15,False,0.8,lm,low_bw,10,1.0
1056,exp1056,15,False,0.8,nn,low_bw,11,0.0
1057,exp1057,15,False,0.8,lm,low_bw,11,0.0
1058,exp1058,15,False,0.8,nn,low_bw,11,0.5
1059,exp1059,15,False,0.8,lm,low_bw,11,0.5
1060,exp1060,15,False,0.8,nn,low_bw,11,1.0
1061,exp1061,15,False,0.8,lm,low_bw,11,1.0
1062,exp1062,15,False,0.8,nn,low_bw,12,0.0
1063,exp1063,15,False,0.8,lm,low_bw,12,0.0
1064,exp1064,15,False,0.8,nn,low_bw,12,0.5
1065,exp1065,15,False,0.8,lm,low_bw,12,0.5
1066,exp1066,15,False,0.8,nn,low_bw,12,1.0
1067,exp1067,15,False,0.8,lm,low_bw,12,1.0
1068,exp1068,15,False,0.8,nn,low_bw,13,0.0
1069,exp1069,15,False,0.8,lm,low_bw,13,0.0
1070,exp1070,15,False,0.8,nn,low_bw,13,0.5
1071,exp1071,15,False,0.8,lm,low_bw,13,0.5
1072,exp1072,15,False,0.8,nn,low_bw,13,1.0
1073,exp1073,15,False,0.8,lm,low_bw,13,1.0
1074,exp1074,15,False,0.8,nn,low_bw,14,0.0
1075,exp1075,15,False,0.8,lm,low_bw,14,0.0
1076,exp1076,15,False,0.8,nn,low_bw,14,0.5
1077,exp1077,15,False,0.8,lm,low_bw,14,0.5
1078,exp1078,15,False,0.8,nn,low_bw,14,1.0
1079,exp1079,15,False,0.8,lm,low_bw,14,1.0
